id;name;population;department_number
1;Virtual;43825;wireless Leone AGP
2;engage;56139;4th generation groupware
3;Expanded open-source capability;66819;Electronics Tasty Configuration
4;Intelligent Granite Shirt Savings Account;8471;Consultant France
5;Specialist Borders Cotton;60480;Dominica
6;application;52674;24 hour Won fuchsia
7;Investment Account;43988;Concrete Brand
8;Toys Home distributed;63856;Principal
9;Auto Loan Account;19709;bypassing infrastructures
10;engineer capacity;10782;protocol Identity
